Date,Close,Volume
2021-08-31,28089.54,75900000
2021-09-01,28451.02,64800000
2021-09-02,28543.51,60100000
2021-09-03,29128.11,74900000
2021-09-06,29659.89,68300000
2021-09-07,29916.14,75200000
2021-09-08,30181.21,82500000
2021-09-09,30008.19,78800000
2021-09-10,30381.84,88800000
2021-09-13,30447.37,64600000
2021-09-14,30670.1,79100000
2021-09-15,30511.71,68600000
2021-09-16,30323.34,69900000
2021-09-17,30500.05,97900000
2021-09-21,29839.71,76300000
2021-09-22,29639.4,69000000
2021-09-24,30248.81,84600000
2021-09-27,30240.06,74600000
2021-09-28,30183.96,89800000
2021-09-29,29544.29,94700000
2021-09-30,29452.66,99000000
2021-10-01,28771.07,82200000
2021-10-04,28444.89,76400000
2021-10-05,27822.12,88200000
2021-10-06,27528.87,100200000
2021-10-07,27678.21,79600000
2021-10-08,28048.94,82700000
2021-10-11,28498.2,72300000
2021-10-12,28230.61,66300000
2021-10-13,28140.28,63900000
2021-10-14,28550.93,64800000
2021-10-15,29068.63,66300000
2021-10-18,29025.46,62600000
2021-10-19,29215.52,57600000
2021-10-20,29255.55,66100000
2021-10-21,28708.58,59100000
2021-10-22,28804.85,60200000
2021-10-25,28600.41,62700000
2021-10-26,29106.01,72800000
2021-10-27,29098.24,70600000
2021-10-28,28820.09,142800000
2021-10-29,28892.69,104500000
2021-11-01,29647.08,76700000
2021-11-02,29520.9,71100000
2021-11-04,29794.37,90400000
2021-11-05,29611.57,73500000
2021-11-08,29507.05,68300000
2021-11-09,29285.46,65000000
2021-11-10,29106.78,63900000
2021-11-11,29277.86,60600000
2021-11-12,29609.97,68400000
2021-11-15,29776.8,60400000
2021-11-16,29808.12,62000000
2021-11-17,29688.33,63900000
2021-11-18,29598.66,65400000
2021-11-19,29745.87,65600000
2021-11-22,29774.11,58800000
2021-11-24,29302.66,69500000
2021-11-25,29499.28,50700000
2021-11-26,28751.62,72900000
2021-11-29,28283.92,85900000
2021-11-30,27821.76,140700000
2021-12-01,27935.62,80900000
2021-12-02,27753.37,77400000
2021-12-03,28029.57,71900000
2021-12-06,27927.37,61700000
2021-12-07,28455.6,78300000
2021-12-08,28860.62,72000000
2021-12-09,28725.47,54400000
2021-12-10,28437.77,63400000
2021-12-13,28640.49,53500000
2021-12-14,28432.64,55200000
2021-12-15,28459.72,55900000
2021-12-16,29066.32,60300000
2021-12-17,28545.68,84400000
2021-12-20,27937.81,65200000
2021-12-21,28517.59,55800000
2021-12-22,28562.21,44700000
2021-12-23,28798.37,43600000
2021-12-24,28782.59,35900000
2021-12-27,28676.46,37500000
2021-12-28,29069.16,47000000
2021-12-29,28906.88,44700000
2021-12-30,28791.71,40400000
2022-01-04,29301.79,66000000
2022-01-05,29332.16,78600000
2022-01-06,28487.87,71600000
2022-01-07,28478.56,75200000
2022-01-11,28222.48,73700000
2022-01-12,28765.66,72500000
2022-01-13,28489.13,69900000
2022-01-14,28124.28,82100000
2022-01-17,28333.52,54500000
2022-01-18,28257.25,71300000
2022-01-19,27467.23,84300000
2022-01-20,27772.93,74000000
2022-01-21,27522.26,72700000
2022-01-24,27588.37,61000000
2022-01-25,27131.34,77000000
2022-01-26,27011.33,60500000
2022-01-27,26170.3,88700000
2022-01-28,26717.34,76000000
2022-01-31,27001.98,78300000
2022-02-01,27078.48,81100000
2022-02-02,27533.6,85200000
2022-02-03,27241.31,81100000
2022-02-04,27439.99,79600000
2022-02-07,27248.87,77100000
2022-02-08,27284.52,76600000
2022-02-09,27579.87,93500000
2022-02-10,27696.08,82900000
2022-02-14,27079.59,79800000
2022-02-15,26865.19,76200000
2022-02-16,27460.4,64100000
2022-02-17,27232.87,67800000
2022-02-18,27122.07,63500000
2022-02-21,26910.87,52900000
2022-02-22,26449.61,67300000
2022-02-24,25970.82,93500000
2022-02-25,26476.5,77600000
2022-02-28,26526.82,91100000
2022-03-01,26844.72,74000000
2022-03-02,26393.03,87700000
2022-03-03,26577.27,74800000
2022-03-04,25985.47,93500000
2022-03-07,25221.41,105400000
2022-03-08,24790.95,114700000
2022-03-09,24717.53,91500000
2022-03-10,25690.4,95200000
2022-03-11,25162.78,89600000
2022-03-14,25307.85,72600000
2022-03-15,25346.48,73200000
2022-03-16,25762.01,82300000
2022-03-17,26652.89,89600000
2022-03-18,26827.43,108200000
2022-03-22,27224.11,98000000
2022-03-23,28040.16,88200000
2022-03-24,28110.39,71600000
2022-03-25,28149.84,67400000
2022-03-28,27943.89,65300000
2022-03-29,28252.42,77700000
2022-03-30,28027.25,83400000
2022-03-31,27821.43,78600000
2022-04-01,27665.98,66800000
2022-04-04,27736.47,50300000
2022-04-05,27787.98,64300000
2022-04-06,27350.3,68700000
2022-04-07,26888.57,71100000
2022-04-08,26985.8,78100000
2022-04-11,26821.52,73500000
2022-04-12,26334.98,75300000
2022-04-13,26843.49,71600000
2022-04-14,27172.0,61800000
2022-04-15,27093.19,51500000
2022-04-18,26799.71,48300000
2022-04-19,26985.09,60500000
2022-04-20,27217.85,72300000
2022-04-21,27553.06,62300000
2022-04-22,27105.26,58500000
2022-04-25,26590.78,62700000
2022-04-26,26700.11,64300000
2022-04-27,26386.63,97300000
2022-04-28,26847.9,86700000
2022-05-02,26818.53,74500000
2022-05-06,27003.56,98500000
2022-05-09,26319.34,79500000
2022-05-10,26167.1,80800000
2022-05-11,26213.64,85900000
2022-05-12,25748.72,91200000
2022-05-13,26427.65,103800000
2022-05-16,26547.05,87000000
2022-05-17,26659.75,78900000
2022-05-18,26911.2,74700000
2022-05-19,26402.84,74500000
2022-05-20,26739.03,76300000
2022-05-23,27001.52,65000000
2022-05-24,26748.14,67400000
2022-05-25,26677.8,72300000
2022-05-26,26604.84,64500000
2022-05-27,26781.68,69300000
2022-05-30,27369.43,97000000
2022-05-31,27279.8,141800000
2022-06-01,27457.89,75800000
2022-06-02,27413.88,63600000
2022-06-03,27761.57,63700000
2022-06-06,27915.89,56800000
2022-06-07,27943.95,68300000
2022-06-08,28234.29,78700000
2022-06-09,28246.53,80300000
2022-06-10,27824.29,79700000
2022-06-13,26987.44,71400000
2022-06-14,26629.86,75000000
2022-06-15,26326.16,72700000
2022-06-16,26431.2,67800000
2022-06-17,25963.0,115200000
2022-06-20,25771.22,72200000
2022-06-21,26246.31,65400000
2022-06-22,26149.55,66400000
2022-06-23,26171.25,65700000
2022-06-24,26491.97,72600000
2022-06-27,26871.27,65800000
2022-06-28,27049.47,73400000
2022-06-29,26804.6,101100000
2022-06-30,26393.04,86100000
2022-07-01,25935.62,81700000
2022-07-04,26153.81,68700000
2022-07-05,26423.47,62800000
2022-07-06,26107.65,89700000
2022-07-07,26490.53,80700000
2022-07-08,26517.19,89300000
2022-07-11,26812.3,68500000
2022-07-12,26336.66,64400000
2022-07-13,26478.77,54100000
2022-07-14,26643.39,60600000
2022-07-15,26788.47,65500000
2022-07-19,26961.68,59400000
2022-07-20,27680.26,66700000
2022-07-21,27803.0,56700000
2022-07-22,27914.66,60100000
2022-07-25,27699.25,46500000
2022-07-26,27655.21,50000000
2022-07-27,27715.75,51100000
2022-07-28,27815.48,83500000
2022-07-29,27801.64,79300000
2022-08-01,27993.35,71900000
2022-08-02,27594.73,71800000
2022-08-03,27741.9,72300000
2022-08-04,27932.2,83100000
2022-08-05,28175.87,71300000
2022-08-08,28249.24,66100000
2022-08-09,27999.96,64900000
2022-08-10,27819.33,59900000
2022-08-12,28546.98,89600000
2022-08-15,28871.78,53700000
2022-08-16,28868.91,50100000
2022-08-17,29222.77,66600000
2022-08-18,28942.14,47400000
2022-08-19,28930.33,48400000
2022-08-22,28794.5,49200000
2022-08-23,28452.75,55700000
2022-08-24,28313.47,62000000
2022-08-25,28479.01,53700000
2022-08-26,28641.38,49100000
2022-08-29,27878.96,64100000
2022-08-30,28195.58,60700000
2022-08-31,28091.53,86200000
2022-09-01,27661.47,68900000
2022-09-02,27650.84,58800000
2022-09-05,27619.61,47100000
2022-09-06,27626.51,46300000
2022-09-07,27430.3,69400000
2022-09-08,28065.28,75200000
2022-09-09,28214.75,74000000
2022-09-12,28542.11,50500000
2022-09-13,28614.63,51700000
2022-09-14,27818.62,70900000
2022-09-15,27875.91,48700000
2022-09-16,27567.65,81600000
2022-09-20,27688.42,60000000
2022-09-21,27313.13,65500000
2022-09-22,27153.83,62200000
2022-09-26,26431.55,96500000
2022-09-27,26571.87,66800000
2022-09-28,26173.98,92900000
2022-09-29,26422.05,88900000
2022-09-30,25937.21,101300000
2022-10-03,26215.79,80700000
2022-10-04,26992.21,87100000
2022-10-05,27120.53,73300000
2022-10-06,27311.3,69400000
2022-10-07,27116.11,66700000
2022-10-11,26401.25,78900000
2022-10-12,26396.83,68800000
2022-10-13,26237.42,59200000
2022-10-14,27090.76,82400000
2022-10-17,26775.79,65300000
2022-10-18,27156.14,66100000
2022-10-19,27257.38,57600000
2022-10-20,27006.96,60300000
2022-10-21,26890.58,56300000
2022-10-24,26974.9,59100000
2022-10-25,27250.28,62200000
2022-10-26,27431.84,61000000
2022-10-27,27345.24,65400000
2022-10-28,27105.2,144600000
2022-10-31,27587.46,71100000
2022-11-01,27678.92,72600000
2022-11-02,27663.39,86600000
2022-11-04,27199.74,111100000
2022-11-07,27527.64,78900000
2022-11-08,27872.11,84400000
2022-11-09,27716.43,79100000
2022-11-10,27446.1,77100000
2022-11-11,28263.57,103700000
2022-11-14,27963.47,85100000
2022-11-15,27990.17,71200000
2022-11-16,28028.3,73200000
2022-11-17,27930.57,58900000
2022-11-18,27899.77,64800000
2022-11-21,27944.79,56500000
2022-11-22,28115.74,75900000
2022-11-24,28383.09,83900000
2022-11-25,28283.03,56800000
2022-11-28,28162.83,64600000
2022-11-29,28027.84,64800000
2022-11-30,27968.99,106600000
2022-12-01,28226.08,71400000
2022-12-02,27777.9,79400000
2022-12-05,27820.4,63900000
2022-12-06,27885.87,60400000
2022-12-07,27686.4,63000000
2022-12-08,27574.43,64900000
2022-12-09,27901.01,70200000
2022-12-12,27842.33,49600000
2022-12-13,27954.85,51900000
2022-12-14,28156.21,54800000
2022-12-15,28051.7,51100000
2022-12-16,27527.12,83800000
2022-12-19,27237.64,58200000
2022-12-20,26568.03,118500000
2022-12-21,26387.72,119200000
2022-12-22,26507.87,73400000
2022-12-23,26235.25,75700000
2022-12-26,26405.87,47300000
2022-12-27,26447.87,50200000
2022-12-28,26340.5,61500000
2022-12-29,26093.67,63100000
2022-12-30,26094.5,52700000
2023-01-04,25716.86,83300000
2023-01-05,25820.8,72300000
2023-01-06,25973.85,68200000
2023-01-10,26175.56,71200000
2023-01-11,26446.0,62400000
2023-01-12,26449.82,77000000
2023-01-13,26119.52,98300000
2023-01-16,25822.32,71700000
2023-01-17,26138.68,68100000
2023-01-18,26791.12,93400000
2023-01-19,26405.23,68700000
2023-01-20,26553.53,60400000
2023-01-23,26906.04,60200000
2023-01-24,27299.19,70800000
2023-01-25,27395.01,63400000
2023-01-26,27362.75,63300000
2023-01-27,27382.56,71500000
2023-01-30,27433.4,65800000
2023-01-31,27327.11,74600000
2023-02-01,27346.88,65800000
2023-02-02,27402.05,73200000
2023-02-03,27509.46,92800000
2023-02-06,27693.65,88400000
2023-02-07,27685.47,74300000
2023-02-08,27606.46,69000000
2023-02-09,27584.35,61700000
2023-02-10,27670.98,88800000
2023-02-13,27427.32,70400000
2023-02-14,27602.77,55800000
2023-02-15,27501.86,72100000
2023-02-16,27696.44,68100000
2023-02-17,27513.13,68800000
2023-02-20,27531.94,62500000
2023-02-21,27473.1,61600000
2023-02-22,27104.32,74700000
2023-02-24,27453.48,76000000
2023-02-27,27423.96,59400000
2023-02-28,27445.56,86300000
2023-03-01,27516.53,69800000
2023-03-02,27498.87,69300000
2023-03-03,27927.47,78200000
2023-03-06,28237.78,65700000
2023-03-07,28309.16,69800000
2023-03-08,28444.19,67200000
2023-03-09,28623.15,72300000
2023-03-10,28143.97,111300000
2023-03-13,27832.96,96100000
2023-03-14,27222.04,125700000
2023-03-15,27229.48,86600000
2023-03-16,27010.61,107100000
2023-03-17,27333.79,101500000
2023-03-20,26945.67,79200000
2023-03-22,27466.61,78100000
2023-03-23,27419.61,64100000
2023-03-24,27385.25,59500000
2023-03-27,27476.87,57400000
2023-03-28,27518.25,66400000
2023-03-29,27883.78,83800000
2023-03-30,27782.93,82000000
2023-03-31,28041.48,91100000
2023-04-03,28188.15,75000000
2023-04-04,28287.42,73300000
2023-04-05,27813.26,74300000
2023-04-06,27472.63,73200000
2023-04-07,27518.31,49100000
2023-04-10,27633.66,48000000
2023-04-11,27923.37,64800000
2023-04-12,28082.7,62700000
2023-04-13,28156.97,59900000
2023-04-14,28493.47,72900000
2023-04-17,28514.78,58000000
2023-04-18,28658.83,62300000
2023-04-19,28606.76,58000000
2023-04-20,28657.57,56700000
2023-04-21,28564.37,61400000
2023-04-24,28593.52,50000000
2023-04-25,28620.07,59300000
2023-04-26,28416.47,68700000
2023-04-27,28457.68,73600000
2023-04-28,28856.44,104000000
2023-05-01,29123.18,73400000
2023-05-02,29157.95,63900000
2023-05-08,28949.88,74100000
2023-05-09,29242.82,86400000
2023-05-10,29122.18,87300000
2023-05-11,29126.72,82200000
2023-05-12,29388.3,106100000
2023-05-15,29626.34,88600000
2023-05-16,29842.99,107400000
2023-05-17,30093.59,93100000
2023-05-18,30573.93,90500000
2023-05-19,30808.35,80500000
2023-05-22,31086.82,75400000
2023-05-23,30957.77,92200000
2023-05-24,30682.68,81700000
2023-05-25,30801.13,84000000
2023-05-26,30916.31,78300000
2023-05-29,31233.54,78300000
2023-05-30,31328.16,71800000
2023-05-31,30887.88,184600000
2023-06-01,31148.01,95100000
2023-06-02,31524.22,90700000
2023-06-05,32217.43,98800000
2023-06-06,32506.78,82500000
2023-06-07,31913.74,111900000
2023-06-08,31641.27,86000000
2023-06-09,32265.17,101500000
2023-06-12,32434.0,68700000
2023-06-13,33018.65,89500000
2023-06-14,33502.42,111600000
2023-06-15,33485.49,105800000
2023-06-16,33706.08,132000000
2023-06-19,33370.42,82900000
2023-06-20,33388.91,82400000
2023-06-21,33575.14,82000000
2023-06-22,33264.88,94700000
2023-06-23,32781.54,103600000
2023-06-26,32698.81,74100000
2023-06-27,32538.33,79600000
2023-06-28,33193.99,91100000
2023-06-29,33234.14,117900000
2023-06-30,33189.04,111300000
2023-07-03,33753.33,95400000
2023-07-04,33422.52,99400000
2023-07-05,33338.7,95100000
2023-07-06,32773.02,100600000
2023-07-07,32388.42,105100000
2023-07-10,32189.73,101200000
2023-07-11,32203.57,87200000
2023-07-12,31943.93,88400000
2023-07-13,32419.33,77800000
2023-07-14,32391.26,90300000
2023-07-18,32493.89,81100000
2023-07-19,32896.03,81900000
2023-07-20,32490.52,75600000
2023-07-21,32304.25,79400000
2023-07-24,32700.94,83500000
2023-07-25,32682.51,101000000
2023-07-26,32668.34,85200000
2023-07-27,32891.16,90900000
2023-07-28,32759.23,170500000
2023-07-31,33172.22,134300000
2023-08-01,33476.58,110800000
2023-08-02,32707.69,124200000
2023-08-03,32159.28,120300000
2023-08-04,32192.75,106600000
2023-08-07,32254.56,94100000
2023-08-08,32377.29,91800000
2023-08-09,32204.33,104500000
2023-08-10,32473.65,108000000
2023-08-14,32059.91,95600000
2023-08-15,32238.89,75100000
2023-08-16,31766.82,84800000
2023-08-17,31626.0,87700000
2023-08-18,31450.76,74800000
2023-08-21,31565.64,69500000
2023-08-22,31856.71,70200000
2023-08-23,32010.26,65100000
2023-08-24,32287.21,73400000
2023-08-25,31624.28,65700000
2023-08-28,32169.99,69900000
2023-08-29,32226.97,77500000
2023-08-30,32333.46,89100000
2023-08-31,32619.34,114600000
2023-09-01,32710.62,88400000
2023-09-04,32939.18,89600000
2023-09-05,33036.76,91300000
2023-09-06,33241.02,94200000
2023-09-07,32991.08,100200000
2023-09-08,32606.84,114100000
2023-09-11,32467.76,84200000
2023-09-12,32776.37,94000000
2023-09-13,32706.52,98100000
2023-09-14,33168.1,112100000
2023-09-15,33533.09,166600000
2023-09-19,33242.59,117200000
2023-09-20,33023.78,113500000
2023-09-21,32571.03,107900000
2023-09-22,32402.41,109800000
2023-09-25,32678.62,82100000
2023-09-26,32315.05,86500000
2023-09-27,32371.9,105600000
2023-09-28,31872.52,115900000
2023-09-29,31857.62,132000000
2023-10-02,31759.88,103100000
2023-10-03,31237.94,109600000
2023-10-04,30526.88,137200000
2023-10-05,31075.36,114200000
2023-10-06,30994.67,94600000
2023-10-10,31746.53,101000000
2023-10-11,31936.51,89500000
2023-10-12,32494.66,100600000
2023-10-13,32315.99,91500000
2023-10-16,31659.03,84500000
2023-10-17,32040.29,75600000
2023-10-18,32042.25,83200000
2023-10-19,31430.62,80700000
2023-10-20,31259.36,84500000
2023-10-23,30999.55,73500000
2023-10-24,31062.35,97900000
2023-10-25,31269.92,78700000
2023-10-26,30601.78,85600000
2023-10-27,30991.69,89100000
2023-10-30,30696.96,187000000
2023-10-31,30858.85,134300000
2023-11-01,31601.65,130100000
2023-11-02,31949.89,121100000
2023-11-06,32708.48,139400000
2023-11-07,32271.82,106700000
2023-11-08,32166.48,156200000
2023-11-09,32646.46,115500000
2023-11-10,32568.11,111300000
2023-11-13,32585.11,90600000
2023-11-14,32695.93,88100000
2023-11-15,33519.7,123800000
2023-11-16,33424.41,94200000
2023-11-17,33585.2,93200000
2023-11-20,33388.03,94900000
2023-11-21,33354.14,91900000
2023-11-22,33451.83,75600000
2023-11-24,33625.53,80700000
2023-11-27,33447.67,82700000
2023-11-28,33408.39,84100000
2023-11-29,33321.22,89200000
2023-11-30,33486.89,152200000
2023-12-01,33431.51,87600000
2023-12-04,33231.27,87300000
2023-12-05,32775.82,86100000
2023-12-06,33445.9,91200000
2023-12-07,32858.31,105100000
2023-12-08,32307.86,144200000
2023-12-11,32791.8,105800000
2023-12-12,32843.7,98100000
2023-12-13,32926.35,100000000
2023-12-14,32686.25,133400000
2023-12-15,32970.55,141100000
2023-12-18,32758.98,106900000
2023-12-19,33219.39,106300000
2023-12-20,33675.94,118000000
2023-12-21,33140.47,95600000
2023-12-22,33169.05,89400000
2023-12-25,33254.03,58900000
2023-12-26,33305.85,68300000
2023-12-27,33681.24,93700000
2023-12-28,33539.62,73300000
2023-12-29,33464.17,89000000
2024-01-04,33288.29,117300000
2024-01-05,33377.42,115300000
2024-01-09,33763.18,112100000
2024-01-10,34441.72,106000000
2024-01-11,35049.86,130100000
2024-01-12,35577.11,129200000
2024-01-15,35901.79,105700000
2024-01-16,35619.18,103400000
2024-01-17,35477.75,139500000
2024-01-18,35466.17,100300000
2024-01-19,35963.27,104100000
2024-01-22,36546.95,100000000
2024-01-23,36517.57,111500000
2024-01-24,36226.48,108600000
2024-01-25,36236.47,94600000
2024-01-26,35751.07,109600000
2024-01-29,36026.94,95500000
2024-01-30,36065.86,87900000
2024-01-31,36286.71,111100000
2024-02-01,36011.46,118100000
2024-02-02,36158.02,114800000
2024-02-05,36354.16,130500000
2024-02-06,36160.66,134700000
2024-02-07,36119.92,126500000
2024-02-08,36863.28,151000000
2024-02-09,36897.42,146800000
2024-02-13,37963.97,140500000
2024-02-14,37703.32,120300000
2024-02-15,38157.94,130000000
2024-02-16,38487.24,151700000
2024-02-19,38470.38,102000000
2024-02-20,38363.61,108500000
2024-02-21,38262.16,104700000
2024-02-22,39098.68,122900000
2024-02-26,39233.71,125700000
2024-02-27,39239.52,119100000
2024-02-28,39208.03,119900000
2024-02-29,39166.19,166000000
2024-03-01,39910.82,122800000
2024-03-04,40109.23,119400000
2024-03-05,40097.63,115200000
2024-03-06,40090.78,112900000
2024-03-07,39598.71,137200000
2024-03-08,39688.94,143300000
2024-03-11,38820.49,132900000
2024-03-12,38797.51,112900000
2024-03-13,38695.97,105400000
2024-03-14,38807.38,111100000
2024-03-15,38707.64,167100000
2024-03-18,39740.44,128700000
2024-03-19,40003.6,134700000
2024-03-21,40815.66,157200000
2024-03-22,40888.43,136100000
2024-03-25,40414.12,101500000
2024-03-26,40398.03,101400000
2024-03-27,40762.73,121300000
2024-03-28,40168.07,135600000
2024-03-29,40369.44,122000000
2024-04-01,39803.09,134500000
2024-04-02,39838.91,115800000
2024-04-03,39451.85,123200000
2024-04-04,39773.14,145100000
2024-04-05,38992.08,129600000
2024-04-08,39347.04,108300000
2024-04-09,39773.13,105900000
2024-04-10,39581.81,97400000
2024-04-11,39442.63,107000000
2024-04-12,39523.55,107100000
2024-04-15,39232.8,107000000
2024-04-16,38471.2,133000000
2024-04-17,37961.8,120600000
2024-04-18,38079.7,105800000
2024-04-19,37068.35,155400000
2024-04-22,37438.61,119400000
2024-04-23,37552.16,95900000
2024-04-24,38460.08,121100000
2024-04-25,37628.48,113900000
2024-04-26,37934.76,124900000
2024-04-30,38405.66,151400000
2024-05-01,38274.05,108500000
2024-05-02,38236.07,101900000
2024-05-07,38835.1,115200000
2024-05-08,38202.37,120100000
2024-05-09,38073.98,118600000
2024-05-10,38229.11,167300000
2024-05-13,38179.46,128700000
2024-05-14,38356.06,143300000
2024-05-15,38385.73,146300000
2024-05-16,38920.26,157900000
2024-05-17,38787.38,133300000
2024-05-20,39069.68,127400000
2024-05-21,38946.93,106700000
2024-05-22,38617.1,105500000
2024-05-23,39103.22,107800000
2024-05-24,38646.11,96300000
2024-05-27,38900.02,94200000
2024-05-28,38855.37,101200000
2024-05-29,38556.87,123900000
2024-05-30,38054.13,117300000
2024-05-31,38487.9,211000000
2024-06-03,38923.03,115900000
2024-06-04,38837.46,117900000
2024-06-05,38490.17,119400000
2024-06-06,38703.51,118900000
2024-06-07,38683.93,96200000
2024-06-10,39038.16,89200000
2024-06-11,39134.79,93300000
2024-06-12,38876.71,108200000
2024-06-13,38720.47,115900000
2024-06-14,38814.56,157100000
2024-06-17,38102.44,107500000
2024-06-18,38482.11,97100000
2024-06-19,38570.76,93600000
2024-06-20,38633.02,88000000
2024-06-21,38596.47,140800000
2024-06-24,38804.65,93500000
2024-06-25,39173.15,108300000
2024-06-26,39667.07,108900000
2024-06-27,39341.54,115000000
2024-06-28,39583.08,124300000
2024-07-01,39631.06,118800000
2024-07-02,40074.69,135100000
2024-07-03,40580.76,125600000
2024-07-04,40913.65,118000000
2024-07-05,40912.37,114200000
2024-07-08,40780.7,113000000
2024-07-09,41580.17,118200000
2024-07-10,41831.99,134400000
2024-07-11,42224.02,123000000
2024-07-12,41190.68,130400000
2024-07-16,41275.08,100800000
2024-07-17,41097.69,109900000
2024-07-18,40126.35,117600000
2024-07-19,40063.79,99800000
2024-07-22,39599.0,82700000
2024-07-23,39594.39,88300000
2024-07-24,39154.85,110300000
2024-07-25,37869.51,143000000
2024-07-26,37667.41,124000000
2024-07-29,38468.63,107300000
2024-07-30,38525.95,109700000
2024-07-31,39101.82,146400000
2024-08-01,38126.33,178800000
2024-08-02,35909.7,204300000
2024-08-05,31458.42,285600000
2024-08-06,34675.46,251200000
2024-08-07,35089.62,242800000
2024-08-08,34831.15,165300000
2024-08-09,35025.0,176900000
2024-08-13,36232.51,140700000
2024-08-14,36442.43,135600000
2024-08-15,36726.64,119700000
2024-08-16,38062.67,129500000
2024-08-19,37388.62,107800000
2024-08-20,38062.92,110600000
2024-08-21,37951.8,94800000
2024-08-22,38211.01,92800000
2024-08-23,38364.27,89800000
2024-08-26,38110.22,91700000
2024-08-27,38288.62,84300000
2024-08-28,38371.76,88700000
2024-08-29,38362.53,106500000
2024-08-30,38647.75,136600000
2024-09-02,38700.87,87100000
2024-09-03,38686.31,91200000
2024-09-04,37047.61,144400000
2024-09-05,36657.09,111300000
2024-09-06,36391.47,111700000
2024-09-09,36215.75,118200000
2024-09-10,36159.16,112300000
2024-09-11,35619.77,127600000
2024-09-12,36833.27,126300000
2024-09-13,36581.76,115900000
2024-09-17,36203.22,127300000
2024-09-18,36380.17,99900000
2024-09-19,37155.33,114100000
2024-09-20,37723.91,162600000
2024-09-24,37940.59,113500000
2024-09-25,37870.26,108200000
2024-09-26,38925.63,141000000
2024-09-27,39829.56,161900000
2024-09-30,37919.55,190500000
2024-10-01,38651.97,132100000
2024-10-02,37808.76,139600000
2024-10-03,38552.06,126800000
2024-10-04,38635.62,121200000
2024-10-07,39332.74,128000000
2024-10-08,38937.54,120400000
2024-10-09,39277.96,106800000
2024-10-10,39380.89,103500000
2024-10-11,39605.8,110900000
2024-10-15,39910.55,129000000
2024-10-16,39180.3,108100000
2024-10-17,38911.19,107200000
2024-10-18,38981.75,95700000
2024-10-21,38954.6,99000000
2024-10-22,38411.96,110400000
2024-10-23,38104.86,95400000
2024-10-24,38143.29,108700000
2024-10-25,37913.92,90700000
2024-10-28,38605.53,116600000
2024-10-29,38903.68,97400000
2024-10-30,39277.39,221800000
2024-10-31,39081.25,144300000
2024-11-01,38053.67,130300000
2024-11-05,38474.9,120000000
2024-11-06,39480.67,170600000
2024-11-07,39381.41,190000000
2024-11-08,39500.37,159300000
2024-11-11,39533.32,122700000
2024-11-12,39376.09,163000000
2024-11-13,38721.66,150400000
2024-11-14,38535.7,133800000
2024-11-15,38642.91,143900000
2024-11-18,38220.85,106000000
2024-11-19,38414.43,109200000
2024-11-20,38352.34,103500000
2024-11-21,38026.17,101900000
2024-11-22,38283.85,103300000
2024-11-25,38780.14,192400000
2024-11-26,38442.0,122800000
2024-11-27,38134.97,120500000
2024-11-28,38349.06,103400000
2024-11-29,38208.03,102300000
2024-12-02,38513.02,110500000
2024-12-03,39248.86,142200000
2024-12-04,39276.39,119100000
2024-12-05,39395.6,116400000
2024-12-06,39091.17,101500000
2024-12-09,39160.5,113100000
2024-12-10,39367.58,110300000
2024-12-11,39372.23,105800000
2024-12-12,39849.14,121100000
2024-12-13,39470.44,123900000
2024-12-16,39457.49,87500000
2024-12-17,39364.68,115700000
2024-12-18,39081.71,132200000
2024-12-19,38813.58,147700000
2024-12-20,38701.9,184500000
2024-12-23,39161.34,103200000
2024-12-24,39036.85,116200000
2024-12-25,39130.43,116100000
2024-12-26,39568.06,131400000
2024-12-27,40281.16,159500000
2024-12-30,39894.54,110600000
2025-01-06,39307.05,137900000
2025-01-07,40083.3,127000000
2025-01-08,39981.06,118800000
2025-01-09,39605.09,117000000
2025-01-10,39190.4,113200000
2025-01-14,38474.3,126900000
2025-01-15,38444.58,100700000
2025-01-16,38572.6,114200000
2025-01-17,38451.46,115300000
2025-01-20,38902.5,87500000
2025-01-21,39027.98,93300000
2025-01-22,39646.25,108500000
2025-01-23,39958.87,119100000
2025-01-24,39931.98,122600000
2025-01-27,39565.8,117200000
2025-01-28,39016.87,132000000
2025-01-29,39414.78,108600000
2025-01-30,39513.97,107900000
2025-01-31,39572.49,123300000
2025-02-03,38520.09,169200000
2025-02-04,38798.37,144300000
2025-02-05,38831.48,151200000
2025-02-06,39066.53,154700000
2025-02-07,38787.02,148700000
2025-02-10,38801.17,134600000
2025-02-12,38963.7,175500000
2025-02-13,39461.47,130400000
2025-02-14,39149.43,132900000
2025-02-17,39174.25,111300000
2025-02-18,39270.4,116000000
2025-02-19,39164.61,124300000
2025-02-20,38678.04,125200000
2025-02-21,38776.94,130100000
2025-02-25,38237.79,132900000
2025-02-26,38142.37,120800000
2025-02-27,38256.17,121600000
2025-02-28,37155.5,191600000
2025-03-03,37785.47,115800000
2025-03-04,37331.18,138200000
2025-03-05,37418.24,130900000
2025-03-06,37704.93,137700000
2025-03-07,36887.17,136800000
2025-03-10,37028.27,109800000
2025-03-11,36793.11,153600000
2025-03-12,36819.09,128700000
2025-03-13,36790.03,119300000
2025-03-14,37053.1,134800000
2025-03-17,37396.52,120300000
2025-03-18,37845.42,133500000
2025-03-19,37751.88,116800000
2025-03-21,37677.06,181800000
2025-03-24,37608.49,101600000
2025-03-25,37780.54,107300000
2025-03-26,38027.29,117100000
2025-03-27,37799.97,140000000
2025-03-28,37120.33,133200000
2025-03-31,35617.56,168400000
2025-04-01,35624.48,123600000
2025-04-02,35725.87,128700000
2025-04-03,34735.93,195800000
2025-04-04,33780.58,227600000
2025-04-07,31136.58,266700000
2025-04-08,33012.58,191900000
2025-04-09,31714.03,199300000
2025-04-10,34609.0,201600000
2025-04-11,33585.58,182600000
2025-04-14,33982.36,118800000
2025-04-15,34267.54,113800000
2025-04-16,33920.4,115600000
2025-04-17,34377.6,111200000
2025-04-18,34730.28,102000000
2025-04-21,34279.92,96400000
2025-04-22,34220.6,99400000
2025-04-23,34868.63,133400000
2025-04-24,35039.15,137100000
2025-04-25,35705.74,134700000
2025-04-28,35839.99,132400000
2025-04-30,36045.38,167100000
2025-05-01,36452.3,131600000
2025-05-02,36830.69,141000000
2025-05-07,36779.66,156300000
2025-05-08,36928.63,137300000
2025-05-09,37503.33,201400000
2025-05-12,37644.26,142900000
2025-05-13,38183.26,177400000
2025-05-14,38128.13,152100000
2025-05-15,37755.51,134800000
2025-05-16,37753.72,128100000
2025-05-19,37498.63,107600000
2025-05-20,37529.49,125800000
2025-05-21,37298.98,121300000
2025-05-22,36985.87,110900000
2025-05-23,37160.47,105300000
2025-05-26,37531.53,89900000
2025-05-27,37724.11,86200000
2025-05-28,37722.4,122600000
2025-05-29,38432.98,133200000
2025-05-30,37965.1,204300000
2025-06-02,37470.67,109600000
2025-06-03,37446.81,109300000
2025-06-04,37747.45,106700000
2025-06-05,37554.49,113800000
2025-06-06,37741.61,98100000
2025-06-09,38088.57,85700000
2025-06-10,38211.51,106000000
2025-06-11,38421.19,109300000
2025-06-12,38173.09,104500000
2025-06-13,37834.25,143500000
2025-06-16,38311.33,104700000
2025-06-17,38536.74,103600000
2025-06-18,38885.15,110000000
2025-06-19,38488.34,89300000
2025-06-20,38403.23,183900000
2025-06-23,38354.09,95800000
2025-06-24,38790.56,100800000
2025-06-25,38942.07,102900000
2025-06-26,39584.58,123600000
2025-06-27,40150.79,156100000
2025-06-30,40487.39,143900000
2025-07-01,39986.33,124000000
2025-07-02,39762.48,127600000
2025-07-03,39785.9,135400000
2025-07-04,39810.88,96600000
2025-07-07,39587.68,93400000
2025-07-08,39688.81,136600000
2025-07-09,39821.28,129000000
2025-07-10,39646.36,129300000
2025-07-11,39569.68,115900000
2025-07-14,39459.62,91500000
2025-07-15,39678.02,98800000
2025-07-16,39663.4,96400000
2025-07-17,39901.19,101500000
2025-07-18,39819.11,92000000
2025-07-22,39774.92,112100000
2025-07-23,41171.32,221100000
2025-07-24,41826.34,149400000
2025-07-25,41456.23,117500000
2025-07-28,40998.27,106500000
2025-07-29,40674.55,101000000
2025-07-30,40654.7,123700000
2025-07-31,41069.82,134800000
2025-08-01,40799.6,148400000
2025-08-04,40290.7,130800000
2025-08-05,40549.54,145300000
2025-08-06,40794.86,145500000
2025-08-07,41059.15,154000000
2025-08-08,41820.48,183300000
2025-08-12,42718.17,176100000
2025-08-13,43274.67,154100000
2025-08-14,42649.26,127800000
2025-08-15,43378.31,134500000
2025-08-18,43714.31,124200000
2025-08-19,43546.29,117100000
2025-08-20,42888.55,116700000
2025-08-21,42610.17,103100000
2025-08-22,42633.29,97800000
2025-08-25,42807.82,102200000
2025-08-26,42394.4,162600000
2025-08-27,42520.27,108400000
2025-08-28,42828.79,112700000
2025-08-29,42718.47,114900000
2025-09-01,42188.79,96600000
2025-09-02,42310.49,99800000
2025-09-03,41938.89,130200000
2025-09-04,42580.27,110300000
2025-09-05,43018.75,118300000
2025-09-08,43643.81,115500000
2025-09-09,43459.29,117500000
2025-09-10,43837.67,115700000
2025-09-11,44372.5,107300000
2025-09-12,44768.12,124900000
2025-09-16,44902.27,111700000
2025-09-17,44790.38,104600000
2025-09-18,45303.43,113700000
2025-09-19,45045.81,208600000
2025-09-22,45493.66,116600000
2025-09-24,45630.31,131700000
2025-09-25,45754.93,127200000
2025-09-26,45354.99,147500000
2025-09-29,45043.75,130500000
2025-09-30,44932.63,160600000
2025-10-01,44550.85,136700000
2025-10-02,44936.73,131100000
2025-10-03,45769.5,117600000
2025-10-06,47944.76,178300000
2025-10-07,47950.88,154200000
2025-10-08,47734.99,142200000
2025-10-09,48580.44,138500000
2025-10-10,48088.8,150700000
2025-10-14,46847.32,170300000
2025-10-15,47672.67,118400000
2025-10-16,48277.74,121100000
2025-10-17,47582.15,124800000
2025-10-20,49185.5,121000000
2025-10-21,49316.06,124500000
2025-10-22,49307.79,141100000
2025-10-23,48641.61,107600000
2025-10-24,49299.65,109100000
2025-10-27,50512.32,122100000
2025-10-28,50219.18,119500000
2025-10-29,51307.65,129700000
2025-10-30,51325.61,230900000
2025-10-31,52411.34,180300000
2025-11-04,51497.2,190100000
2025-11-05,50212.27,219700000
2025-11-06,50883.68,171300000
2025-11-07,50276.37,146700000
2025-11-10,50911.76,129700000
2025-11-11,50842.93,125900000
2025-11-12,51063.31,150400000
2025-11-13,51281.83,135700000
2025-11-14,50376.53,149300000
2025-11-17,50323.91,126000000
2025-11-18,48702.98,137400000
2025-11-19,48537.7,136500000
2025-11-20,49823.94,139400000
2025-11-21,48625.88,212200000
2025-11-25,48659.52,144500000
2025-11-26,49559.07,134100000
2025-11-27,50167.1,99300000
2025-11-28,50253.91,98200000
2025-12-01,49303.28,118200000
2025-12-02,49303.45,127100000
2025-12-03,49864.68,119500000
2025-12-04,51028.42,127300000
2025-12-05,50491.87,119300000
2025-12-08,50581.94,104400000
2025-12-09,50655.1,107100000
2025-12-10,50602.8,125100000
2025-12-11,50148.82,109900000
2025-12-12,50836.55,152200000
2025-12-15,50168.11,121900000
2025-12-16,49383.29,124600000
2025-12-17,49512.28,113200000
2025-12-18,49001.5,116200000
2025-12-19,49507.21,163300000
2025-12-22,50402.39,112900000
2025-12-23,50412.87,92700000
2025-12-24,50344.1,83200000
2025-12-25,50407.79,58300000
2025-12-26,50750.39,81100000
2025-12-29,50526.92,98000000
2025-12-30,50339.48,93700000
2026-01-05,51832.8,139400000
2026-01-06,52518.08,151900000
2026-01-07,51961.98,138600000
2026-01-08,51117.26,135400000
2026-01-09,51939.89,133100000
2026-01-13,53549.16,168500000
2026-01-14,54341.23,144500000
2026-01-15,54110.5,150900000
2026-01-16,53936.17,144300000
2026-01-19,53583.57,122900000
2026-01-20,52991.1,126800000
2026-01-21,52774.64,139000000
2026-01-22,53688.89,150900000
2026-01-23,53846.87,129500000
2026-01-26,52885.25,138300000
2026-01-27,53333.54,136700000
2026-01-28,53358.71,149800000
2026-01-29,53375.6,154500000
2026-01-30,53322.85,156800000
2026-02-02,52655.18,153800000
2026-02-03,54720.66,156900000
2026-02-04,54293.36,186300000
2026-02-05,53818.04,213200000
2026-02-06,54253.68,188900000
2026-02-09,56363.94,205000000
2026-02-10,57650.54,191500000
2026-02-12,57639.84,190000000
2026-02-13,56941.97,210000000
2026-02-16,56806.41,137400000
2026-02-17,56566.49,132600000
2026-02-18,57143.84,130100000
2026-02-19,57467.83,135500000
2026-02-20,56825.7,152400000
2026-02-24,57321.09,157800000
2026-02-25,58583.12,167100000
2026-02-26,58753.39,155300000
2026-02-27,58850.27,192400000
2026-03-02,58057.24,162400000
2026-03-03,56279.05,179000000
2026-03-04,54245.54,214000000
2026-03-05,55278.06,184900000
2026-03-06,55620.84,142800000
2026-03-09,52728.72,219400000
2026-03-10,54248.39,162500000
2026-03-11,55025.37,146900000
2026-03-12,54452.96,154100000
2026-03-13,53819.61,169000000
2026-03-16,53751.15,128800000
2026-03-17,53700.39,117800000
2026-03-18,55239.4,136700000
2026-03-19,53372.53,200600000
2026-03-23,51515.49,177100000
2026-03-24,52252.28,131800000
2026-03-25,53749.62,133700000
2026-03-26,53603.65,124500000
2026-03-27,53373.07,170500000
2026-03-30,51885.85,183100000
2026-03-31,51063.72,174500000
2026-04-01,53739.68,165900000
2026-04-02,52463.27,163200000
2026-04-03,53123.49,104100000
2026-04-06,53413.68,102500000
2026-04-07,53429.56,118800000
2026-04-08,56308.42,186700000
2026-04-09,55895.32,154700000
2026-04-10,56924.11,165000000
2026-04-13,56502.77,135300000
2026-04-14,57877.39,143700000
2026-04-15,58134.24,161000000
2026-04-16,59518.34,150300000
2026-04-17,58475.9,140000000
2026-04-20,58824.89,121500000
2026-04-21,59349.17,129500000
2026-04-22,59585.86,145700000
2026-04-23,59140.23,165300000
2026-04-24,59716.18,141400000
2026-04-27,60537.36,148900000
2026-04-28,59917.46,174500000
2026-04-30,59284.92,201600000
2026-05-01,59513.12,150700000
2026-05-07,62833.84,230800000
2026-05-08,62713.65,213500000
2026-05-11,62417.88,202300000
2026-05-12,62742.57,189200000
2026-05-13,63272.11,181000000
2026-05-14,62654.05,207700000
2026-05-15,61409.29,213900000
2026-05-18,60815.95,168100000
2026-05-19,60550.59,175800000
2026-05-20,59804.41,182500000
2026-05-21,61684.14,166600000
2026-05-22,63339.07,158800000
2026-05-25,65158.19,161100000
2026-05-26,64996.09,157200000
2026-05-27,64999.41,163500000
2026-05-28,64693.12,176600000
2026-05-29,66329.5,295100000
2026-06-01,66934.33,189500000
2026-06-02,66734.24,187700000
2026-06-03,68402.13,170700000
2026-06-04,67470.69,152700000
2026-06-05,66588.12,148100000
2026-06-08,64024.6,179500000
2026-06-09,65416.63,168100000
2026-06-10,64179.27,171300000
2026-06-11,64217.27,171100000
2026-06-12,66020.04,190600000
2026-06-15,69317.5,168300000
2026-06-16,69404.5,153800000
2026-06-17,69902.25,144300000
2026-06-18,71053.49,156700000
2026-06-19,71250.06,214400000
2026-06-22,72353.96,133200000
2026-06-23,69788.38,172300000
2026-06-24,69174.97,153900000
2026-06-25,72366.34,151000000
2026-06-26,69360.88,156900000
2026-06-29,69468.11,182400000
2026-06-30,70062.32,160500000
2026-07-01,70474.96,163400000
2026-07-02,68733.15,169900000
2026-07-03,69744.07,159300000
2026-07-06,69737.69,135400000
2026-07-07,68256.96,175000000
2026-07-08,66819.05,168900000
2026-07-09,67743.85,136400000
2026-07-10,68557.73,154400000
2026-07-13,67242.73,137100000
2026-07-14,67743.5,168500000
2026-07-15,68751.51,147400000
2026-07-16,66835.54,148900000
2026-07-17,64141.12,194200000
2026-07-21,66232.19,164400000
2026-07-22,66115.6,155300000
2026-07-23,66422.6,135300000
2026-07-24,64611.15,135400000
2026-07-27,64931.19,160800000
2026-07-28,62364.92,187000000
2026-07-29,61434.19,264100000
2026-07-30,61867.43,213700000
2026-07-31,64362.02,228400000
2026-08-03,63754.9,202700000
2026-08-04,63957.53,191800000
2026-08-05,66300.44,202400000
2026-08-06,65683.26,191500000
2026-08-07,65606.71,205400000
2026-08-10,66970.22,164400000
2026-08-12,67524.06,170600000
2026-08-13,68308.59,169100000
2026-08-14,68713.8,170600000
2026-08-17,69220.25,142200000
2026-08-18,67460.73,151200000
2026-08-19,65326.42,176600000
2026-08-20,66216.79,158400000
2026-08-21,66016.36,160000000
2026-08-24,65528.09,128200000
2026-08-25,65856.43,131200000
2026-08-26,66262.16,129500000
2026-08-27,66131.98,133500000
2026-08-28,66405.56,147000000
